{
	"powers": [
		"usernull:titan_shift",
		"usernull:titan_bite",
		"usernull:titan_resource",
		"usernull:titan_toggle",
		"usernull:titan_exhaust",
		"usernull:titan_emerge",
		"usernull:titan_break",
		"usernull:titan_crystal",
		"usernull:titan_regeneration",
		"usernull:titan_regeneration2",
		"usernull:titan_body",
		"usernull:titan_jump",
		"usernull:titan_untag",
		"origins:more_exhaustion",
		"origins:water_vulnerability",
		"origins:no_shield"
	],
	"icon": "minecraft:structure_void",
	"order": 4,
	"impact": 2,
	"name": "Sculkborn",
	"description": "Having risen from the deep dark you hold the power of sculk."
}