{
    "type": "origins:action_on_callback",
    "entity_action_respawned": {
        "type": "origins:and",
        "actions": [
            {
                "type": "origins:execute_command",
                "command": "tag @s remove titan",
                "permission_level": 4
            },
            {
                "type": "origins:change_resource",
                "resource": "usernull:titan_resource",
                "change": -3001
            },
            {
                "type": "origins:change_resource",
                "resource": "usernull:titan_toggle",
                "change": -1
            }
        ]
    },
    "hidden": "true"
}