{
    "type": "origins:active_self",
    "entity_action": {
        "type": "origins:if_else",
        "condition": {
            "type": "origins:food_level",
            "comparison": "==",
            "compare_to": 20
        },
        "if_action": {
            "type": "origins:and",
            "actions": [
                {
                    "type": "origins:execute_command",
                    "command": "function usernull:regen",
                    "permission_level": 4
                },
                {
                    "type": "origins:delay",
                    "ticks": 15,
                    "action": {
                        "type": "origins:execute_command",
                        "command": "function usernull:warn",
                        "permission_level": 4
                    }
                }
            ]
        },
        "else_action": {
            "type": "origins:damage",
            "amount": 0,
            "source": {
                "name": "generic",
                "bypasses_armor": true,
                "unblockable": true
            }
        }
    },
    "cooldown": 6000,
    "hud_render": {
        "should_render": false
    },
    "hidden": "true"
}